# First field is # dimensions of each datapoint, 2nd is gesture class, Next fields are raw time series in order t_f1[0], t_f2[0], t_f3[0] etc. where f1, f2, etc are features and [0] is time
2,1,355.0,391.0,349.0,391.0,342.0,391.0,331.0,387.0,317.0,380.0,303.0,373.0,291.0,364.0,282.0,355.0,274.0,346.0,268.0,338.0,263.0,331.0,259.0,319.0,257.0,307.0,254.0,297.0,254.0,280.0,254.0,263.0,261.0,241.0,277.0,217.0,292.0,204.0,309.0,192.0,325.0,184.0,344.0,177.0,361.0,172.0,376.0,172.0,392.0,174.0,406.0,183.0,417.0,191.0,426.0,199.0,433.0,215.0,436.0,234.0,440.0,272.0,441.0,299.0,441.0,318.0,441.0,336.0,437.0,351.0,431.0,361.0,425.0,369.0,416.0,373.0,402.0,376.0,389.0,376.0,377.0,376.0,371.0,376.0,364.0,376.0,356.0,378.0,353.0,378.0,
2,1,393.0,365.0,386.0,366.0,372.0,366.0,359.0,365.0,345.0,360.0,331.0,350.0,321.0,344.0,313.0,336.0,305.0,329.0,299.0,317.0,295.0,305.0,291.0,291.0,291.0,275.0,291.0,256.0,295.0,240.0,309.0,220.0,324.0,209.0,344.0,201.0,364.0,197.0,386.0,194.0,407.0,194.0,435.0,197.0,449.0,204.0,457.0,212.0,462.0,223.0,462.0,236.0,462.0,256.0,451.0,285.0,445.0,305.0,439.0,319.0,431.0,328.0,425.0,334.0,418.0,338.0,409.0,343.0,402.0,347.0,396.0,349.0,389.0,351.0,385.0,351.0,381.0,351.0,378.0,349.0,
2,1,250.0,332.0,247.0,330.0,243.0,329.0,239.0,326.0,234.0,323.0,229.0,318.0,224.0,312.0,220.0,307.0,217.0,302.0,215.0,293.0,213.0,287.0,211.0,278.0,211.0,272.0,211.0,263.0,211.0,254.0,211.0,247.0,215.0,237.0,218.0,230.0,222.0,222.0,226.0,216.0,230.0,209.0,239.0,199.0,246.0,192.0,254.0,187.0,263.0,184.0,269.0,182.0,279.0,181.0,293.0,181.0,305.0,181.0,318.0,184.0,325.0,188.0,333.0,194.0,340.0,201.0,346.0,213.0,349.0,224.0,349.0,238.0,349.0,250.0,347.0,265.0,343.0,281.0,337.0,293.0,334.0,301.0,330.0,308.0,325.0,314.0,320.0,319.0,313.0,325.0,306.0,329.0,297.0,332.0,288.0,335.0,278.0,337.0,271.0,337.0,261.0,337.0,253.0,334.0,245.0,331.0,242.0,331.0,242.0,331.0,242.0,331.0,240.0,329.0,
2,1,492.0,389.0,485.0,389.0,472.0,390.0,460.0,390.0,444.0,390.0,430.0,389.0,415.0,385.0,402.0,380.0,391.0,374.0,378.0,366.0,371.0,361.0,363.0,356.0,359.0,349.0,357.0,343.0,356.0,335.0,354.0,325.0,354.0,316.0,354.0,303.0,354.0,296.0,356.0,287.0,357.0,279.0,360.0,273.0,362.0,267.0,367.0,258.0,373.0,251.0,379.0,246.0,390.0,243.0,404.0,242.0,418.0,240.0,440.0,238.0,449.0,238.0,466.0,238.0,479.0,242.0,487.0,245.0,496.0,252.0,501.0,260.0,507.0,269.0,513.0,284.0,517.0,294.0,519.0,305.0,524.0,322.0,524.0,337.0,524.0,349.0,523.0,359.0,516.0,371.0,510.0,378.0,503.0,384.0,494.0,386.0,484.0,387.0,476.0,387.0,471.0,387.0,466.0,387.0,460.0,383.0,
2,1,367.0,401.0,364.0,401.0,353.0,401.0,341.0,398.0,329.0,393.0,319.0,388.0,312.0,384.0,304.0,379.0,301.0,376.0,296.0,369.0,293.0,362.0,292.0,353.0,292.0,343.0,292.0,332.0,292.0,317.0,296.0,302.0,299.0,291.0,304.0,279.0,308.0,270.0,313.0,263.0,325.0,253.0,335.0,246.0,346.0,241.0,359.0,239.0,374.0,239.0,388.0,241.0,403.0,247.0,413.0,252.0,420.0,258.0,427.0,265.0,431.0,276.0,432.0,289.0,432.0,302.0,432.0,319.0,430.0,332.0,426.0,345.0,423.0,356.0,416.0,367.0,410.0,375.0,404.0,380.0,396.0,384.0,390.0,386.0,375.0,388.0,367.0,388.0,360.0,388.0,355.0,388.0,350.0,388.0,
2,1,348.0,211.0,346.0,212.0,342.0,212.0,335.0,212.0,326.0,212.0,313.0,208.0,297.0,201.0,288.0,195.0,280.0,189.0,277.0,184.0,276.0,176.0,276.0,170.0,276.0,164.0,276.0,156.0,277.0,150.0,278.0,140.0,279.0,134.0,282.0,126.0,285.0,118.0,289.0,110.0,294.0,103.0,300.0,96.0,309.0,89.0,316.0,85.0,322.0,83.0,329.0,82.0,338.0,80.0,348.0,80.0,358.0,80.0,372.0,82.0,388.0,90.0,397.0,96.0,404.0,102.0,408.0,112.0,408.0,120.0,408.0,131.0,405.0,144.0,397.0,162.0,391.0,173.0,385.0,180.0,379.0,187.0,372.0,191.0,365.0,195.0,354.0,198.0,346.0,200.0,340.0,202.0,336.0,202.0,335.0,203.0,333.0,204.0,
2,1,392.0,386.0,387.0,387.0,379.0,388.0,370.0,390.0,361.0,391.0,349.0,391.0,337.0,391.0,324.0,391.0,311.0,391.0,289.0,385.0,272.0,378.0,261.0,372.0,250.0,365.0,242.0,357.0,234.0,348.0,229.0,341.0,225.0,331.0,222.0,322.0,218.0,309.0,215.0,298.0,212.0,287.0,209.0,276.0,208.0,261.0,207.0,251.0,207.0,239.0,207.0,223.0,210.0,210.0,216.0,194.0,220.0,185.0,223.0,176.0,232.0,163.0,236.0,158.0,245.0,150.0,252.0,144.0,259.0,139.0,267.0,135.0,277.0,132.0,289.0,131.0,304.0,130.0,317.0,130.0,331.0,130.0,341.0,130.0,356.0,130.0,375.0,132.0,391.0,136.0,402.0,141.0,413.0,146.0,425.0,154.0,438.0,164.0,446.0,172.0,451.0,182.0,455.0,193.0,458.0,202.0,459.0,213.0,461.0,232.0,461.0,242.0,461.0,253.0,461.0,265.0,461.0,278.0,460.0,288.0,456.0,304.0,452.0,313.0,450.0,324.0,447.0,330.0,443.0,339.0,437.0,347.0,431.0,354.0,424.0,358.0,414.0,361.0,403.0,364.0,394.0,366.0,388.0,369.0,384.0,370.0,382.0,370.0,379.0,370.0,377.0,371.0,
2,1,364.0,388.0,352.0,383.0,343.0,378.0,332.0,373.0,322.0,368.0,317.0,365.0,311.0,359.0,301.0,347.0,292.0,334.0,287.0,325.0,285.0,316.0,282.0,307.0,281.0,288.0,280.0,273.0,280.0,261.0,280.0,247.0,280.0,237.0,285.0,221.0,290.0,209.0,293.0,201.0,299.0,192.0,306.0,183.0,320.0,172.0,328.0,166.0,339.0,160.0,350.0,156.0,360.0,154.0,375.0,152.0,387.0,151.0,403.0,151.0,420.0,151.0,436.0,151.0,453.0,155.0,470.0,160.0,482.0,168.0,492.0,179.0,500.0,194.0,508.0,216.0,508.0,236.0,508.0,256.0,505.0,275.0,501.0,293.0,495.0,309.0,488.0,329.0,480.0,340.0,474.0,348.0,465.0,357.0,455.0,365.0,443.0,370.0,433.0,373.0,423.0,375.0,408.0,375.0,396.0,375.0,386.0,373.0,376.0,369.0,368.0,366.0,
2,1,344.0,344.0,332.0,338.0,318.0,330.0,306.0,320.0,299.0,304.0,296.0,287.0,296.0,268.0,299.0,254.0,306.0,237.0,321.0,220.0,338.0,207.0,356.0,199.0,376.0,195.0,405.0,193.0,435.0,193.0,459.0,199.0,472.0,206.0,480.0,215.0,481.0,226.0,481.0,241.0,477.0,263.0,462.0,294.0,444.0,317.0,425.0,334.0,410.0,345.0,396.0,349.0,384.0,350.0,372.0,350.0,364.0,350.0,353.0,344.0,346.0,339.0,343.0,335.0,341.0,332.0,340.0,331.0,
2,1,310.0,348.0,302.0,342.0,289.0,334.0,279.0,328.0,273.0,324.0,269.0,320.0,265.0,316.0,262.0,308.0,259.0,301.0,257.0,293.0,255.0,280.0,255.0,270.0,255.0,262.0,257.0,252.0,262.0,241.0,266.0,234.0,273.0,220.0,282.0,211.0,290.0,204.0,299.0,197.0,311.0,191.0,322.0,187.0,331.0,186.0,341.0,185.0,354.0,185.0,364.0,187.0,377.0,193.0,388.0,201.0,402.0,217.0,407.0,228.0,409.0,244.0,409.0,259.0,407.0,275.0,399.0,288.0,392.0,303.0,383.0,316.0,374.0,326.0,364.0,336.0,356.0,341.0,348.0,345.0,341.0,346.0,333.0,346.0,326.0,346.0,319.0,346.0,318.0,346.0,313.0,342.0,
2,1,321.0,342.0,314.0,342.0,296.0,334.0,277.0,323.0,261.0,311.0,254.0,304.0,250.0,299.0,248.0,292.0,246.0,277.0,248.0,261.0,252.0,250.0,259.0,238.0,265.0,228.0,270.0,221.0,286.0,210.0,297.0,205.0,307.0,203.0,321.0,203.0,333.0,203.0,346.0,207.0,360.0,214.0,374.0,227.0,382.0,238.0,383.0,247.0,383.0,258.0,380.0,272.0,375.0,286.0,370.0,297.0,365.0,306.0,359.0,313.0,352.0,318.0,346.0,321.0,340.0,325.0,331.0,329.0,324.0,332.0,320.0,332.0,315.0,332.0,307.0,332.0,301.0,332.0,
2,1,491.0,329.0,467.0,330.0,444.0,328.0,423.0,322.0,400.0,314.0,387.0,307.0,378.0,302.0,371.0,295.0,366.0,283.0,365.0,273.0,365.0,258.0,365.0,244.0,370.0,231.0,375.0,222.0,381.0,213.0,389.0,205.0,401.0,199.0,410.0,194.0,421.0,191.0,433.0,188.0,447.0,188.0,461.0,188.0,479.0,189.0,498.0,195.0,513.0,199.0,520.0,203.0,533.0,213.0,540.0,226.0,542.0,237.0,543.0,253.0,543.0,271.0,543.0,288.0,540.0,298.0,535.0,307.0,529.0,315.0,521.0,321.0,510.0,327.0,498.0,330.0,488.0,331.0,478.0,333.0,467.0,333.0,455.0,333.0,444.0,331.0,436.0,331.0,429.0,331.0,
2,1,335.0,371.0,329.0,367.0,318.0,362.0,307.0,357.0,300.0,351.0,294.0,342.0,292.0,332.0,290.0,321.0,288.0,308.0,287.0,294.0,287.0,281.0,287.0,273.0,288.0,263.0,296.0,248.0,302.0,241.0,311.0,232.0,325.0,226.0,343.0,221.0,359.0,220.0,377.0,220.0,395.0,220.0,413.0,223.0,426.0,229.0,433.0,232.0,442.0,241.0,448.0,254.0,450.0,264.0,452.0,274.0,451.0,286.0,447.0,301.0,441.0,314.0,436.0,325.0,429.0,337.0,421.0,346.0,409.0,353.0,398.0,358.0,390.0,362.0,380.0,365.0,370.0,366.0,360.0,367.0,351.0,368.0,340.0,370.0,331.0,370.0,321.0,370.0,310.0,367.0,302.0,365.0,296.0,364.0,
2,1,269.0,398.0,268.0,398.0,266.0,397.0,262.0,390.0,257.0,381.0,253.0,374.0,249.0,364.0,246.0,350.0,244.0,341.0,244.0,331.0,245.0,321.0,251.0,312.0,261.0,297.0,267.0,288.0,276.0,278.0,291.0,269.0,307.0,263.0,322.0,258.0,345.0,254.0,362.0,254.0,377.0,254.0,391.0,255.0,404.0,259.0,411.0,263.0,420.0,272.0,426.0,284.0,428.0,302.0,428.0,322.0,428.0,339.0,428.0,351.0,426.0,366.0,421.0,376.0,416.0,383.0,408.0,390.0,397.0,395.0,384.0,399.0,368.0,404.0,357.0,406.0,347.0,407.0,337.0,408.0,327.0,408.0,316.0,408.0,308.0,408.0,301.0,408.0,296.0,406.0,289.0,404.0,287.0,404.0,283.0,403.0,281.0,401.0,278.0,400.0,275.0,398.0,274.0,395.0,271.0,389.0,270.0,382.0,
2,1,334.0,324.0,327.0,323.0,308.0,313.0,291.0,306.0,280.0,295.0,271.0,284.0,267.0,277.0,263.0,270.0,261.0,261.0,259.0,252.0,259.0,245.0,259.0,231.0,259.0,222.0,260.0,215.0,261.0,209.0,269.0,198.0,274.0,190.0,281.0,183.0,290.0,178.0,300.0,173.0,313.0,169.0,325.0,166.0,341.0,165.0,356.0,165.0,367.0,165.0,381.0,165.0,400.0,167.0,417.0,172.0,430.0,179.0,440.0,186.0,450.0,199.0,458.0,217.0,464.0,244.0,464.0,264.0,464.0,283.0,457.0,298.0,447.0,312.0,436.0,325.0,419.0,337.0,403.0,345.0,388.0,349.0,374.0,349.0,360.0,350.0,351.0,351.0,343.0,353.0,338.0,353.0,329.0,348.0,323.0,342.0,319.0,333.0,314.0,323.0,311.0,315.0,309.0,308.0,307.0,302.0,304.0,298.0,304.0,297.0,304.0,297.0,304.0,297.0,304.0,297.0,
2,1,391.0,369.0,377.0,369.0,359.0,368.0,339.0,364.0,322.0,361.0,308.0,358.0,293.0,353.0,287.0,349.0,278.0,342.0,273.0,330.0,267.0,318.0,266.0,305.0,265.0,293.0,265.0,274.0,266.0,265.0,269.0,256.0,271.0,250.0,275.0,241.0,280.0,233.0,285.0,224.0,294.0,215.0,301.0,211.0,312.0,207.0,323.0,204.0,333.0,203.0,354.0,203.0,364.0,203.0,377.0,203.0,392.0,203.0,408.0,205.0,419.0,207.0,428.0,211.0,435.0,217.0,439.0,227.0,440.0,244.0,440.0,267.0,436.0,297.0,432.0,308.0,427.0,324.0,420.0,337.0,415.0,346.0,409.0,356.0,399.0,363.0,390.0,367.0,381.0,367.0,367.0,367.0,356.0,367.0,
2,1,388.0,332.0,378.0,328.0,367.0,324.0,355.0,320.0,348.0,317.0,343.0,313.0,337.0,303.0,332.0,290.0,330.0,278.0,326.0,267.0,324.0,258.0,322.0,248.0,321.0,238.0,321.0,222.0,321.0,214.0,321.0,204.0,323.0,195.0,327.0,187.0,334.0,178.0,344.0,171.0,358.0,164.0,369.0,161.0,382.0,158.0,396.0,157.0,409.0,154.0,419.0,153.0,437.0,152.0,446.0,152.0,459.0,152.0,470.0,152.0,479.0,156.0,488.0,159.0,497.0,167.0,504.0,178.0,510.0,192.0,514.0,210.0,519.0,231.0,519.0,248.0,519.0,266.0,516.0,283.0,510.0,294.0,504.0,305.0,491.0,317.0,481.0,323.0,470.0,327.0,458.0,331.0,446.0,333.0,431.0,334.0,418.0,334.0,410.0,334.0,402.0,335.0,398.0,336.0,393.0,336.0,390.0,336.0,387.0,336.0,385.0,336.0,382.0,336.0,
2,1,345.0,386.0,341.0,385.0,333.0,382.0,324.0,380.0,315.0,377.0,302.0,371.0,293.0,367.0,285.0,361.0,278.0,356.0,272.0,350.0,267.0,344.0,260.0,333.0,256.0,323.0,254.0,314.0,254.0,305.0,252.0,293.0,252.0,282.0,251.0,273.0,250.0,263.0,250.0,251.0,250.0,242.0,252.0,233.0,257.0,220.0,260.0,211.0,263.0,201.0,269.0,190.0,278.0,177.0,288.0,168.0,297.0,159.0,310.0,151.0,319.0,148.0,330.0,144.0,342.0,141.0,352.0,139.0,363.0,139.0,375.0,139.0,397.0,139.0,409.0,139.0,414.0,139.0,425.0,142.0,435.0,146.0,445.0,153.0,457.0,163.0,468.0,180.0,474.0,191.0,481.0,206.0,484.0,219.0,484.0,234.0,484.0,250.0,482.0,268.0,477.0,283.0,472.0,293.0,466.0,302.0,457.0,312.0,447.0,322.0,437.0,330.0,429.0,335.0,420.0,340.0,410.0,344.0,399.0,347.0,392.0,350.0,383.0,353.0,375.0,355.0,366.0,358.0,358.0,360.0,352.0,363.0,348.0,365.0,348.0,365.0,343.0,368.0,338.0,372.0,334.0,376.0,332.0,378.0,327.0,378.0,
2,1,316.0,371.0,308.0,366.0,294.0,360.0,279.0,355.0,266.0,346.0,260.0,338.0,255.0,327.0,251.0,311.0,251.0,291.0,251.0,273.0,251.0,260.0,254.0,249.0,264.0,228.0,272.0,214.0,289.0,200.0,303.0,192.0,326.0,185.0,352.0,181.0,382.0,180.0,407.0,180.0,422.0,181.0,430.0,184.0,443.0,193.0,454.0,207.0,462.0,236.0,465.0,264.0,465.0,298.0,465.0,319.0,460.0,335.0,444.0,356.0,418.0,376.0,398.0,385.0,380.0,388.0,363.0,389.0,345.0,389.0,328.0,389.0,312.0,388.0,305.0,386.0,302.0,385.0,302.0,385.0,297.0,381.0,
2,1,342.0,394.0,335.0,394.0,327.0,394.0,315.0,389.0,308.0,383.0,299.0,372.0,293.0,361.0,287.0,346.0,283.0,325.0,281.0,304.0,281.0,285.0,280.0,271.0,284.0,258.0,296.0,243.0,306.0,234.0,322.0,226.0,338.0,224.0,361.0,223.0,385.0,223.0,408.0,223.0,424.0,226.0,436.0,233.0,445.0,244.0,451.0,259.0,458.0,279.0,458.0,311.0,449.0,339.0,436.0,361.0,423.0,377.0,407.0,388.0,388.0,395.0,364.0,396.0,349.0,397.0,337.0,397.0,327.0,397.0,320.0,399.0,315.0,399.0,
2,1,346.0,375.0,338.0,375.0,329.0,373.0,323.0,370.0,319.0,368.0,309.0,360.0,304.0,355.0,296.0,347.0,288.0,333.0,283.0,314.0,281.0,301.0,281.0,291.0,281.0,280.0,284.0,269.0,288.0,256.0,290.0,247.0,296.0,236.0,305.0,225.0,316.0,210.0,328.0,198.0,342.0,188.0,352.0,184.0,366.0,180.0,377.0,178.0,391.0,177.0,406.0,177.0,415.0,177.0,426.0,183.0,438.0,192.0,448.0,202.0,458.0,215.0,468.0,230.0,474.0,246.0,478.0,263.0,478.0,281.0,478.0,298.0,478.0,312.0,472.0,332.0,463.0,345.0,455.0,355.0,447.0,363.0,436.0,371.0,420.0,375.0,411.0,378.0,401.0,381.0,392.0,382.0,384.0,383.0,375.0,384.0,361.0,384.0,355.0,384.0,349.0,384.0,344.0,383.0,340.0,381.0,335.0,380.0,330.0,380.0,326.0,380.0,325.0,380.0,
2,1,351.0,389.0,341.0,389.0,330.0,386.0,316.0,383.0,309.0,379.0,303.0,375.0,297.0,372.0,292.0,367.0,286.0,358.0,280.0,349.0,278.0,341.0,277.0,334.0,274.0,325.0,274.0,316.0,274.0,304.0,274.0,296.0,274.0,287.0,275.0,276.0,278.0,267.0,283.0,257.0,287.0,249.0,292.0,242.0,298.0,234.0,306.0,226.0,317.0,220.0,330.0,214.0,341.0,210.0,352.0,208.0,365.0,206.0,373.0,206.0,387.0,206.0,401.0,206.0,417.0,207.0,428.0,210.0,436.0,214.0,444.0,221.0,452.0,231.0,458.0,246.0,461.0,261.0,462.0,279.0,462.0,299.0,459.0,320.0,454.0,334.0,443.0,351.0,432.0,366.0,420.0,377.0,407.0,384.0,393.0,391.0,381.0,395.0,372.0,397.0,361.0,398.0,350.0,398.0,339.0,398.0,330.0,398.0,325.0,398.0,320.0,398.0,318.0,398.0,315.0,398.0,310.0,398.0,
2,1,338.0,394.0,323.0,385.0,310.0,378.0,298.0,370.0,289.0,363.0,281.0,358.0,271.0,349.0,264.0,340.0,260.0,328.0,259.0,315.0,259.0,301.0,260.0,291.0,263.0,278.0,268.0,266.0,272.0,255.0,277.0,246.0,284.0,238.0,295.0,228.0,309.0,220.0,324.0,215.0,338.0,212.0,353.0,207.0,368.0,204.0,389.0,202.0,401.0,202.0,417.0,202.0,430.0,202.0,440.0,205.0,446.0,211.0,452.0,223.0,458.0,247.0,459.0,271.0,459.0,293.0,459.0,311.0,452.0,329.0,444.0,341.0,433.0,351.0,421.0,359.0,407.0,365.0,394.0,368.0,384.0,371.0,372.0,374.0,362.0,377.0,354.0,380.0,347.0,380.0,338.0,381.0,332.0,382.0,327.0,382.0,325.0,382.0,322.0,382.0,
2,1,358.0,380.0,351.0,380.0,351.0,380.0,349.0,380.0,347.0,378.0,345.0,377.0,344.0,377.0,344.0,377.0,344.0,377.0,344.0,377.0,344.0,377.0,344.0,377.0,341.0,377.0,336.0,375.0,332.0,373.0,325.0,366.0,317.0,356.0,310.0,345.0,307.0,336.0,305.0,325.0,303.0,310.0,302.0,298.0,302.0,285.0,302.0,271.0,306.0,260.0,314.0,247.0,321.0,238.0,330.0,229.0,344.0,222.0,357.0,215.0,367.0,212.0,380.0,210.0,392.0,210.0,402.0,210.0,412.0,211.0,423.0,216.0,434.0,223.0,442.0,236.0,450.0,250.0,455.0,262.0,462.0,278.0,465.0,291.0,465.0,302.0,462.0,317.0,452.0,332.0,439.0,339.0,427.0,346.0,413.0,351.0,398.0,355.0,385.0,359.0,375.0,363.0,365.0,367.0,355.0,371.0,350.0,374.0,346.0,375.0,344.0,376.0,344.0,376.0,
2,2,247.0,412.0,247.0,412.0,247.0,412.0,247.0,412.0,248.0,392.0,252.0,367.0,254.0,347.0,254.0,331.0,258.0,312.0,260.0,297.0,262.0,288.0,263.0,282.0,263.0,281.0,263.0,281.0,262.0,280.0,262.0,280.0,262.0,280.0,262.0,280.0,262.0,280.0,262.0,280.0,262.0,279.0,274.0,277.0,293.0,277.0,311.0,276.0,332.0,273.0,349.0,270.0,362.0,269.0,371.0,269.0,373.0,268.0,374.0,267.0,374.0,267.0,374.0,267.0,374.0,267.0,374.0,267.0,374.0,267.0,372.0,276.0,366.0,291.0,361.0,310.0,359.0,332.0,359.0,344.0,359.0,354.0,360.0,363.0,361.0,370.0,361.0,377.0,361.0,383.0,361.0,388.0,361.0,392.0,360.0,395.0,360.0,395.0,360.0,395.0,360.0,395.0,361.0,392.0,363.0,370.0,371.0,343.0,376.0,319.0,376.0,300.0,376.0,284.0,376.0,276.0,376.0,261.0,374.0,251.0,371.0,241.0,369.0,232.0,369.0,226.0,368.0,216.0,368.0,203.0,368.0,194.0,368.0,188.0,368.0,182.0,368.0,178.0,369.0,177.0,369.0,176.0,369.0,174.0,370.0,173.0,370.0,173.0,
2,2,266.0,401.0,267.0,401.0,268.0,400.0,271.0,388.0,272.0,368.0,273.0,351.0,273.0,325.0,276.0,313.0,276.0,304.0,276.0,298.0,276.0,293.0,276.0,289.0,276.0,288.0,276.0,287.0,279.0,283.0,285.0,282.0,298.0,282.0,330.0,278.0,358.0,274.0,379.0,268.0,400.0,264.0,409.0,262.0,409.0,262.0,409.0,262.0,409.0,262.0,409.0,262.0,409.0,262.0,405.0,271.0,396.0,295.0,390.0,318.0,386.0,347.0,385.0,360.0,384.0,369.0,384.0,375.0,384.0,376.0,384.0,377.0,384.0,377.0,384.0,377.0,384.0,377.0,388.0,365.0,388.0,339.0,393.0,312.0,397.0,289.0,398.0,269.0,399.0,260.0,398.0,249.0,398.0,236.0,398.0,222.0,397.0,210.0,397.0,203.0,397.0,191.0,401.0,176.0,405.0,164.0,405.0,156.0,406.0,153.0,406.0,151.0,
2,2,377.0,380.0,379.0,381.0,382.0,374.0,382.0,351.0,382.0,315.0,386.0,291.0,387.0,275.0,388.0,267.0,389.0,262.0,389.0,261.0,389.0,261.0,389.0,261.0,389.0,261.0,390.0,260.0,402.0,260.0,431.0,263.0,456.0,263.0,476.0,261.0,495.0,255.0,505.0,251.0,509.0,250.0,509.0,250.0,509.0,250.0,509.0,250.0,509.0,250.0,510.0,251.0,504.0,271.0,496.0,301.0,489.0,328.0,484.0,352.0,484.0,363.0,484.0,370.0,483.0,378.0,483.0,381.0,483.0,383.0,483.0,384.0,483.0,384.0,485.0,383.0,493.0,372.0,500.0,333.0,506.0,300.0,509.0,274.0,509.0,254.0,509.0,236.0,510.0,219.0,510.0,208.0,508.0,196.0,507.0,183.0,506.0,173.0,504.0,163.0,504.0,155.0,504.0,138.0,504.0,133.0,505.0,129.0,505.0,128.0,505.0,128.0,505.0,128.0,505.0,128.0,
2,2,203.0,389.0,207.0,389.0,215.0,380.0,222.0,361.0,229.0,342.0,231.0,328.0,231.0,312.0,231.0,301.0,229.0,295.0,228.0,284.0,228.0,277.0,228.0,275.0,228.0,272.0,228.0,272.0,228.0,272.0,228.0,272.0,228.0,272.0,228.0,272.0,228.0,272.0,230.0,271.0,241.0,271.0,265.0,271.0,290.0,267.0,311.0,264.0,320.0,263.0,322.0,263.0,322.0,263.0,322.0,263.0,322.0,263.0,322.0,263.0,322.0,271.0,314.0,316.0,308.0,357.0,309.0,368.0,309.0,377.0,309.0,384.0,309.0,389.0,309.0,391.0,309.0,392.0,309.0,392.0,310.0,390.0,310.0,381.0,308.0,363.0,308.0,334.0,308.0,314.0,308.0,297.0,308.0,280.0,308.0,266.0,307.0,251.0,303.0,239.0,301.0,227.0,301.0,219.0,301.0,208.0,302.0,194.0,308.0,181.0,311.0,170.0,313.0,164.0,315.0,159.0,315.0,158.0,315.0,158.0,315.0,158.0,
2,2,321.0,395.0,325.0,395.0,326.0,384.0,327.0,368.0,327.0,350.0,330.0,330.0,332.0,314.0,333.0,300.0,333.0,293.0,333.0,292.0,333.0,290.0,333.0,290.0,333.0,290.0,333.0,287.0,338.0,285.0,351.0,285.0,382.0,281.0,402.0,275.0,422.0,273.0,434.0,273.0,446.0,273.0,453.0,270.0,456.0,269.0,456.0,269.0,456.0,269.0,456.0,269.0,456.0,269.0,451.0,279.0,448.0,300.0,442.0,327.0,439.0,355.0,439.0,369.0,439.0,381.0,439.0,387.0,440.0,391.0,440.0,391.0,440.0,392.0,444.0,392.0,448.0,384.0,451.0,364.0,451.0,324.0,451.0,302.0,451.0,283.0,451.0,270.0,451.0,258.0,447.0,245.0,444.0,226.0,442.0,214.0,442.0,200.0,442.0,184.0,442.0,173.0,442.0,161.0,442.0,154.0,442.0,153.0,442.0,152.0,442.0,151.0,442.0,151.0,442.0,151.0,
2,2,266.0,385.0,267.0,385.0,270.0,381.0,270.0,359.0,270.0,338.0,270.0,317.0,270.0,302.0,271.0,291.0,273.0,286.0,274.0,282.0,274.0,282.0,275.0,281.0,277.0,278.0,292.0,278.0,311.0,278.0,336.0,280.0,361.0,280.0,384.0,278.0,397.0,276.0,404.0,275.0,408.0,275.0,408.0,275.0,408.0,275.0,408.0,275.0,408.0,275.0,408.0,275.0,400.0,306.0,389.0,342.0,386.0,363.0,385.0,384.0,385.0,394.0,385.0,404.0,385.0,414.0,385.0,417.0,385.0,418.0,385.0,418.0,388.0,417.0,392.0,391.0,395.0,359.0,400.0,324.0,406.0,294.0,410.0,265.0,413.0,236.0,414.0,219.0,414.0,196.0,414.0,184.0,411.0,172.0,410.0,163.0,410.0,157.0,410.0,152.0,410.0,146.0,410.0,143.0,410.0,143.0,410.0,143.0,
2,2,224.0,379.0,224.0,379.0,227.0,375.0,228.0,357.0,228.0,331.0,229.0,304.0,230.0,283.0,233.0,270.0,235.0,263.0,236.0,260.0,236.0,260.0,236.0,260.0,236.0,260.0,242.0,259.0,256.0,261.0,277.0,262.0,297.0,262.0,307.0,259.0,313.0,257.0,317.0,257.0,320.0,257.0,321.0,256.0,322.0,255.0,322.0,255.0,322.0,255.0,322.0,255.0,318.0,265.0,307.0,291.0,297.0,319.0,293.0,335.0,293.0,348.0,294.0,357.0,296.0,361.0,296.0,366.0,296.0,368.0,296.0,368.0,297.0,369.0,297.0,369.0,304.0,367.0,309.0,352.0,321.0,307.0,328.0,282.0,333.0,263.0,333.0,253.0,333.0,239.0,333.0,229.0,333.0,220.0,333.0,216.0,333.0,206.0,333.0,192.0,333.0,181.0,333.0,171.0,333.0,162.0,333.0,154.0,334.0,146.0,334.0,143.0,334.0,142.0,334.0,142.0,334.0,142.0,
2,2,319.0,390.0,319.0,390.0,319.0,390.0,319.0,390.0,319.0,390.0,317.0,387.0,317.0,382.0,315.0,375.0,314.0,364.0,313.0,354.0,312.0,345.0,312.0,338.0,310.0,330.0,310.0,320.0,310.0,312.0,310.0,305.0,309.0,300.0,309.0,300.0,310.0,299.0,310.0,297.0,310.0,297.0,310.0,297.0,311.0,294.0,316.0,293.0,325.0,290.0,337.0,289.0,347.0,287.0,357.0,284.0,371.0,281.0,375.0,280.0,376.0,280.0,376.0,280.0,376.0,280.0,376.0,280.0,376.0,280.0,376.0,280.0,376.0,280.0,376.0,280.0,376.0,280.0,
2,2,260.0,397.0,260.0,397.0,260.0,397.0,260.0,397.0,260.0,397.0,260.0,397.0,260.0,397.0,260.0,397.0,260.0,397.0,260.0,389.0,258.0,375.0,255.0,351.0,253.0,333.0,252.0,320.0,249.0,314.0,249.0,307.0,249.0,305.0,249.0,304.0,249.0,304.0,249.0,303.0,250.0,299.0,250.0,299.0,251.0,298.0,252.0,295.0,258.0,292.0,271.0,291.0,290.0,287.0,313.0,278.0,331.0,271.0,340.0,266.0,350.0,264.0,351.0,264.0,352.0,264.0,352.0,264.0,352.0,264.0,352.0,264.0,352.0,264.0,353.0,265.0,353.0,288.0,353.0,318.0,353.0,347.0,353.0,364.0,353.0,373.0,353.0,376.0,353.0,378.0,352.0,379.0,352.0,379.0,352.0,379.0,352.0,379.0,355.0,374.0,356.0,353.0,356.0,325.0,356.0,291.0,356.0,266.0,356.0,253.0,356.0,242.0,356.0,228.0,354.0,217.0,352.0,208.0,350.0,201.0,350.0,196.0,349.0,190.0,349.0,185.0,348.0,181.0,348.0,180.0,348.0,180.0,348.0,180.0,
2,2,260.0,391.0,262.0,384.0,262.0,374.0,262.0,361.0,260.0,346.0,260.0,329.0,260.0,319.0,260.0,309.0,260.0,299.0,260.0,293.0,260.0,287.0,259.0,282.0,259.0,281.0,259.0,279.0,259.0,279.0,259.0,279.0,259.0,279.0,259.0,276.0,262.0,273.0,282.0,273.0,306.0,273.0,334.0,273.0,359.0,269.0,372.0,265.0,378.0,264.0,384.0,263.0,385.0,263.0,386.0,263.0,386.0,263.0,386.0,263.0,386.0,263.0,387.0,264.0,384.0,281.0,378.0,317.0,375.0,335.0,375.0,347.0,375.0,359.0,375.0,364.0,375.0,369.0,375.0,375.0,375.0,381.0,374.0,384.0,374.0,384.0,374.0,384.0,374.0,384.0,374.0,384.0,378.0,384.0,381.0,366.0,381.0,334.0,381.0,306.0,379.0,281.0,376.0,266.0,373.0,254.0,371.0,241.0,370.0,228.0,366.0,218.0,365.0,211.0,364.0,201.0,364.0,191.0,364.0,181.0,364.0,174.0,364.0,168.0,364.0,167.0,364.0,167.0,
2,2,346.0,358.0,346.0,358.0,351.0,356.0,354.0,335.0,354.0,311.0,354.0,299.0,354.0,286.0,355.0,276.0,357.0,270.0,358.0,269.0,358.0,268.0,358.0,267.0,359.0,264.0,359.0,264.0,360.0,263.0,366.0,260.0,377.0,260.0,396.0,260.0,421.0,257.0,447.0,253.0,461.0,250.0,469.0,248.0,474.0,247.0,474.0,247.0,474.0,247.0,474.0,247.0,474.0,247.0,474.0,253.0,470.0,271.0,464.0,304.0,461.0,328.0,458.0,346.0,458.0,360.0,458.0,373.0,458.0,380.0,458.0,386.0,458.0,390.0,458.0,390.0,458.0,390.0,459.0,378.0,462.0,351.0,462.0,342.0,463.0,317.0,465.0,299.0,470.0,276.0,470.0,258.0,470.0,239.0,470.0,224.0,470.0,207.0,470.0,199.0,470.0,182.0,473.0,171.0,475.0,158.0,475.0,151.0,476.0,147.0,476.0,146.0,476.0,146.0,476.0,146.0,
2,2,261.0,371.0,263.0,357.0,264.0,335.0,264.0,320.0,264.0,306.0,267.0,289.0,268.0,276.0,269.0,271.0,270.0,267.0,270.0,267.0,270.0,267.0,270.0,267.0,270.0,267.0,270.0,267.0,270.0,267.0,278.0,265.0,295.0,265.0,322.0,265.0,348.0,261.0,368.0,255.0,382.0,248.0,386.0,247.0,386.0,247.0,386.0,247.0,386.0,247.0,386.0,247.0,387.0,248.0,384.0,262.0,373.0,297.0,369.0,334.0,365.0,355.0,365.0,383.0,365.0,393.0,365.0,399.0,365.0,400.0,365.0,400.0,365.0,400.0,368.0,396.0,368.0,378.0,368.0,353.0,368.0,327.0,368.0,299.0,368.0,273.0,369.0,242.0,373.0,216.0,375.0,197.0,378.0,181.0,381.0,167.0,384.0,154.0,386.0,144.0,388.0,140.0,389.0,139.0,389.0,139.0,389.0,139.0,
2,2,245.0,390.0,245.0,390.0,245.0,385.0,245.0,365.0,245.0,345.0,246.0,328.0,246.0,307.0,246.0,298.0,246.0,292.0,246.0,288.0,246.0,286.0,246.0,285.0,246.0,285.0,247.0,282.0,248.0,281.0,249.0,280.0,250.0,280.0,255.0,279.0,268.0,279.0,286.0,279.0,304.0,276.0,331.0,269.0,350.0,265.0,365.0,263.0,371.0,262.0,373.0,262.0,373.0,262.0,373.0,262.0,373.0,262.0,374.0,264.0,371.0,280.0,362.0,321.0,356.0,346.0,351.0,363.0,349.0,383.0,347.0,394.0,346.0,402.0,345.0,408.0,345.0,409.0,345.0,409.0,345.0,409.0,347.0,403.0,348.0,363.0,349.0,324.0,355.0,289.0,362.0,258.0,369.0,229.0,372.0,205.0,377.0,185.0,380.0,167.0,381.0,155.0,381.0,150.0,382.0,148.0,383.0,145.0,383.0,145.0,383.0,145.0,383.0,145.0,383.0,145.0,
2,2,274.0,378.0,274.0,376.0,274.0,368.0,274.0,357.0,274.0,347.0,274.0,334.0,274.0,323.0,274.0,312.0,274.0,303.0,274.0,298.0,274.0,294.0,275.0,292.0,275.0,289.0,275.0,286.0,277.0,283.0,278.0,282.0,279.0,281.0,285.0,281.0,296.0,281.0,310.0,281.0,320.0,280.0,329.0,277.0,338.0,276.0,342.0,275.0,347.0,273.0,351.0,272.0,353.0,272.0,361.0,270.0,365.0,270.0,368.0,268.0,368.0,268.0,368.0,268.0,368.0,268.0,368.0,268.0,369.0,269.0,368.0,282.0,366.0,298.0,366.0,310.0,366.0,320.0,366.0,329.0,366.0,336.0,366.0,343.0,366.0,348.0,366.0,352.0,366.0,355.0,366.0,359.0,365.0,363.0,365.0,367.0,365.0,367.0,365.0,367.0,365.0,367.0,365.0,367.0,365.0,367.0,365.0,367.0,367.0,364.0,369.0,348.0,368.0,331.0,364.0,321.0,362.0,311.0,359.0,305.0,359.0,296.0,358.0,287.0,358.0,278.0,358.0,268.0,358.0,266.0,358.0,261.0,358.0,255.0,358.0,248.0,358.0,241.0,358.0,232.0,358.0,225.0,358.0,217.0,358.0,212.0,358.0,203.0,358.0,195.0,358.0,187.0,358.0,181.0,358.0,177.0,361.0,172.0,364.0,166.0,368.0,160.0,369.0,155.0,369.0,155.0,369.0,153.0,369.0,153.0,
2,2,310.0,402.0,310.0,402.0,314.0,397.0,317.0,379.0,321.0,361.0,322.0,348.0,323.0,330.0,325.0,321.0,324.0,314.0,324.0,310.0,324.0,307.0,323.0,305.0,323.0,305.0,323.0,305.0,323.0,305.0,323.0,305.0,326.0,304.0,336.0,304.0,349.0,304.0,361.0,304.0,375.0,304.0,385.0,302.0,393.0,301.0,400.0,300.0,408.0,299.0,414.0,299.0,420.0,297.0,423.0,296.0,428.0,296.0,431.0,295.0,435.0,295.0,438.0,294.0,438.0,294.0,439.0,294.0,439.0,294.0,439.0,294.0,439.0,294.0,439.0,294.0,439.0,294.0,437.0,300.0,433.0,314.0,432.0,329.0,430.0,343.0,429.0,349.0,429.0,354.0,429.0,359.0,429.0,364.0,429.0,369.0,429.0,377.0,429.0,382.0,428.0,387.0,425.0,392.0,425.0,393.0,425.0,394.0,425.0,397.0,425.0,398.0,424.0,399.0,424.0,401.0,424.0,401.0,424.0,401.0,424.0,401.0,425.0,396.0,427.0,374.0,431.0,348.0,430.0,330.0,427.0,321.0,425.0,311.0,425.0,302.0,425.0,292.0,425.0,281.0,424.0,269.0,423.0,261.0,423.0,254.0,423.0,251.0,423.0,241.0,425.0,230.0,427.0,217.0,428.0,209.0,432.0,199.0,432.0,191.0,432.0,185.0,432.0,182.0,432.0,177.0,433.0,174.0,435.0,170.0,436.0,166.0,437.0,164.0,438.0,160.0,440.0,157.0,441.0,156.0,441.0,156.0,
2,2,289.0,371.0,289.0,371.0,289.0,366.0,290.0,350.0,292.0,333.0,292.0,320.0,292.0,308.0,292.0,298.0,292.0,290.0,292.0,282.0,292.0,276.0,293.0,270.0,294.0,263.0,294.0,260.0,295.0,256.0,295.0,251.0,297.0,247.0,297.0,247.0,298.0,246.0,299.0,245.0,301.0,244.0,310.0,242.0,321.0,242.0,332.0,242.0,347.0,240.0,362.0,237.0,370.0,237.0,380.0,236.0,386.0,236.0,388.0,235.0,388.0,235.0,390.0,235.0,390.0,235.0,390.0,235.0,390.0,235.0,390.0,235.0,391.0,247.0,389.0,268.0,386.0,287.0,385.0,297.0,384.0,309.0,381.0,320.0,380.0,332.0,379.0,342.0,376.0,351.0,376.0,357.0,376.0,358.0,376.0,358.0,376.0,358.0,377.0,359.0,382.0,350.0,384.0,329.0,387.0,307.0,390.0,291.0,388.0,283.0,391.0,277.0,393.0,269.0,397.0,261.0,396.0,249.0,395.0,243.0,393.0,236.0,390.0,226.0,390.0,212.0,390.0,202.0,391.0,189.0,393.0,178.0,394.0,169.0,396.0,156.0,398.0,144.0,399.0,136.0,399.0,128.0,399.0,126.0,399.0,126.0,399.0,126.0,399.0,126.0,
2,2,303.0,367.0,303.0,367.0,309.0,354.0,311.0,338.0,313.0,320.0,314.0,306.0,315.0,294.0,316.0,286.0,318.0,283.0,318.0,283.0,318.0,283.0,319.0,282.0,320.0,280.0,334.0,280.0,355.0,282.0,372.0,283.0,388.0,283.0,402.0,283.0,417.0,283.0,425.0,283.0,430.0,283.0,430.0,283.0,430.0,283.0,430.0,283.0,430.0,283.0,430.0,283.0,431.0,284.0,428.0,297.0,425.0,312.0,423.0,324.0,422.0,334.0,421.0,346.0,421.0,360.0,421.0,369.0,420.0,374.0,420.0,375.0,420.0,375.0,420.0,375.0,420.0,375.0,420.0,366.0,423.0,353.0,423.0,332.0,426.0,307.0,429.0,284.0,432.0,264.0,433.0,245.0,433.0,229.0,433.0,215.0,433.0,204.0,433.0,193.0,433.0,180.0,433.0,173.0,436.0,169.0,436.0,167.0,437.0,166.0,437.0,166.0,437.0,166.0,
2,2,279.0,385.0,284.0,382.0,288.0,376.0,288.0,366.0,287.0,353.0,287.0,337.0,287.0,322.0,287.0,311.0,287.0,302.0,287.0,293.0,286.0,289.0,286.0,288.0,286.0,288.0,286.0,288.0,286.0,288.0,287.0,287.0,288.0,286.0,298.0,286.0,314.0,283.0,338.0,280.0,360.0,275.0,383.0,272.0,400.0,268.0,413.0,266.0,419.0,264.0,422.0,263.0,422.0,263.0,422.0,263.0,422.0,263.0,419.0,275.0,410.0,296.0,401.0,323.0,392.0,345.0,390.0,363.0,389.0,386.0,389.0,395.0,389.0,400.0,389.0,402.0,389.0,403.0,389.0,403.0,389.0,403.0,393.0,400.0,394.0,381.0,394.0,354.0,394.0,333.0,394.0,313.0,394.0,292.0,394.0,279.0,394.0,263.0,397.0,244.0,399.0,226.0,402.0,211.0,403.0,199.0,405.0,186.0,408.0,176.0,409.0,168.0,412.0,160.0,413.0,155.0,413.0,155.0,413.0,155.0,413.0,155.0,414.0,154.0,414.0,154.0,
2,2,260.0,381.0,260.0,381.0,263.0,372.0,266.0,355.0,266.0,344.0,267.0,330.0,267.0,317.0,267.0,304.0,267.0,294.0,267.0,287.0,267.0,282.0,267.0,279.0,269.0,276.0,269.0,276.0,269.0,276.0,270.0,275.0,276.0,274.0,288.0,273.0,304.0,273.0,321.0,272.0,339.0,270.0,355.0,265.0,362.0,263.0,370.0,263.0,377.0,263.0,385.0,263.0,388.0,262.0,388.0,262.0,389.0,262.0,389.0,262.0,389.0,262.0,389.0,262.0,390.0,263.0,388.0,279.0,383.0,304.0,380.0,329.0,377.0,349.0,377.0,357.0,376.0,368.0,375.0,374.0,375.0,376.0,375.0,376.0,375.0,376.0,375.0,376.0,375.0,376.0,376.0,370.0,380.0,350.0,381.0,324.0,384.0,306.0,384.0,290.0,384.0,277.0,384.0,267.0,384.0,259.0,386.0,247.0,387.0,236.0,391.0,224.0,392.0,214.0,395.0,202.0,398.0,191.0,405.0,177.0,410.0,165.0,415.0,153.0,417.0,145.0,419.0,143.0,419.0,143.0,
2,2,252.0,353.0,252.0,353.0,252.0,353.0,252.0,349.0,258.0,324.0,265.0,294.0,269.0,274.0,269.0,265.0,269.0,260.0,269.0,255.0,270.0,252.0,270.0,249.0,271.0,248.0,274.0,247.0,297.0,247.0,319.0,249.0,335.0,251.0,344.0,251.0,352.0,248.0,356.0,247.0,365.0,245.0,367.0,244.0,367.0,244.0,367.0,244.0,367.0,244.0,367.0,244.0,367.0,244.0,360.0,280.0,353.0,320.0,348.0,343.0,347.0,354.0,347.0,360.0,347.0,365.0,347.0,365.0,347.0,365.0,353.0,366.0,357.0,357.0,359.0,326.0,360.0,296.0,366.0,266.0,370.0,238.0,374.0,213.0,376.0,196.0,379.0,180.0,379.0,167.0,379.0,160.0,379.0,152.0,380.0,150.0,380.0,150.0,381.0,149.0,381.0,149.0,381.0,149.0,
2,2,365.0,367.0,368.0,364.0,370.0,350.0,370.0,334.0,370.0,321.0,370.0,310.0,370.0,294.0,372.0,284.0,372.0,277.0,373.0,273.0,375.0,270.0,375.0,270.0,375.0,270.0,375.0,270.0,376.0,269.0,388.0,268.0,401.0,268.0,418.0,267.0,431.0,264.0,450.0,262.0,457.0,261.0,468.0,260.0,477.0,258.0,485.0,256.0,492.0,253.0,495.0,253.0,495.0,253.0,495.0,253.0,495.0,253.0,495.0,253.0,495.0,253.0,496.0,261.0,496.0,287.0,496.0,308.0,496.0,320.0,496.0,340.0,496.0,351.0,497.0,360.0,496.0,362.0,496.0,362.0,496.0,362.0,496.0,362.0,496.0,361.0,493.0,345.0,488.0,318.0,487.0,285.0,487.0,256.0,487.0,230.0,487.0,200.0,487.0,182.0,487.0,168.0,487.0,158.0,487.0,154.0,487.0,154.0,487.0,154.0,487.0,154.0,487.0,154.0,
2,2,244.0,385.0,248.0,381.0,251.0,371.0,255.0,354.0,257.0,330.0,260.0,315.0,264.0,300.0,266.0,292.0,267.0,287.0,270.0,280.0,271.0,277.0,271.0,274.0,271.0,274.0,271.0,274.0,273.0,272.0,281.0,271.0,294.0,269.0,311.0,269.0,342.0,269.0,375.0,269.0,398.0,265.0,411.0,261.0,417.0,260.0,419.0,260.0,419.0,260.0,419.0,260.0,419.0,260.0,419.0,262.0,413.0,276.0,407.0,294.0,403.0,312.0,402.0,330.0,402.0,346.0,402.0,355.0,399.0,363.0,399.0,365.0,399.0,368.0,399.0,369.0,399.0,369.0,399.0,369.0,399.0,369.0,400.0,366.0,402.0,341.0,408.0,312.0,411.0,282.0,415.0,256.0,419.0,235.0,422.0,216.0,425.0,200.0,429.0,184.0,431.0,175.0,432.0,172.0,432.0,169.0,435.0,165.0,435.0,165.0,435.0,165.0,435.0,165.0,435.0,165.0,
2,2,299.0,357.0,299.0,357.0,300.0,356.0,303.0,344.0,303.0,333.0,303.0,324.0,303.0,313.0,302.0,302.0,302.0,294.0,302.0,287.0,302.0,281.0,302.0,277.0,302.0,272.0,303.0,269.0,303.0,268.0,303.0,266.0,304.0,264.0,304.0,264.0,304.0,263.0,305.0,262.0,306.0,261.0,310.0,259.0,319.0,257.0,331.0,254.0,339.0,253.0,348.0,252.0,357.0,251.0,366.0,248.0,372.0,247.0,378.0,246.0,385.0,244.0,392.0,244.0,396.0,243.0,396.0,243.0,396.0,243.0,396.0,243.0,396.0,243.0,396.0,243.0,397.0,253.0,398.0,270.0,398.0,292.0,400.0,307.0,400.0,318.0,402.0,328.0,402.0,334.0,402.0,339.0,402.0,345.0,402.0,349.0,402.0,353.0,402.0,355.0,402.0,355.0,402.0,355.0,402.0,355.0,404.0,355.0,404.0,338.0,404.0,323.0,404.0,308.0,404.0,293.0,405.0,282.0,405.0,269.0,405.0,260.0,405.0,252.0,405.0,244.0,405.0,235.0,407.0,227.0,407.0,220.0,407.0,214.0,407.0,206.0,407.0,199.0,407.0,192.0,407.0,186.0,406.0,180.0,406.0,175.0,406.0,170.0,405.0,164.0,405.0,159.0,405.0,155.0,405.0,155.0,405.0,154.0,405.0,150.0,405.0,147.0,405.0,146.0,405.0,145.0,406.0,143.0,408.0,140.0,409.0,139.0,409.0,138.0,410.0,137.0,410.0,137.0,410.0,137.0,
2,3,281.0,386.0,281.0,386.0,281.0,386.0,281.0,386.0,281.0,374.0,281.0,358.0,281.0,341.0,278.0,331.0,278.0,321.0,277.0,313.0,276.0,303.0,276.0,292.0,274.0,281.0,273.0,268.0,272.0,258.0,272.0,249.0,272.0,241.0,272.0,231.0,272.0,226.0,272.0,222.0,272.0,221.0,274.0,219.0,274.0,218.0,274.0,218.0,274.0,218.0,274.0,218.0,274.0,218.0,275.0,217.0,276.0,216.0,279.0,214.0,284.0,209.0,289.0,204.0,294.0,201.0,302.0,200.0,312.0,199.0,321.0,199.0,332.0,202.0,341.0,206.0,352.0,209.0,358.0,213.0,363.0,218.0,366.0,226.0,367.0,235.0,371.0,247.0,371.0,260.0,371.0,271.0,365.0,281.0,358.0,289.0,346.0,297.0,336.0,302.0,326.0,304.0,315.0,306.0,305.0,307.0,297.0,307.0,290.0,307.0,284.0,307.0,279.0,307.0,277.0,307.0,276.0,307.0,276.0,307.0,
2,3,292.0,367.0,292.0,367.0,292.0,360.0,291.0,343.0,290.0,319.0,290.0,300.0,290.0,285.0,291.0,273.0,293.0,261.0,294.0,248.0,295.0,240.0,297.0,231.0,299.0,226.0,300.0,218.0,302.0,209.0,303.0,204.0,303.0,200.0,303.0,198.0,303.0,198.0,303.0,198.0,305.0,196.0,309.0,196.0,316.0,196.0,326.0,196.0,339.0,195.0,351.0,195.0,356.0,195.0,361.0,195.0,363.0,195.0,367.0,200.0,368.0,207.0,373.0,226.0,373.0,238.0,373.0,249.0,372.0,261.0,368.0,269.0,360.0,275.0,351.0,281.0,341.0,285.0,331.0,285.0,319.0,288.0,311.0,288.0,302.0,288.0,297.0,288.0,295.0,288.0,295.0,288.0,295.0,288.0,295.0,288.0,
2,3,301.0,377.0,300.0,378.0,296.0,374.0,296.0,359.0,299.0,339.0,299.0,316.0,301.0,293.0,304.0,282.0,307.0,269.0,309.0,257.0,314.0,243.0,316.0,236.0,318.0,231.0,320.0,227.0,321.0,223.0,321.0,222.0,322.0,220.0,324.0,218.0,326.0,215.0,330.0,212.0,338.0,210.0,350.0,209.0,359.0,209.0,368.0,209.0,374.0,209.0,380.0,213.0,386.0,218.0,390.0,223.0,393.0,231.0,393.0,242.0,394.0,257.0,394.0,266.0,391.0,274.0,386.0,283.0,380.0,289.0,369.0,294.0,356.0,297.0,342.0,297.0,331.0,297.0,321.0,296.0,316.0,296.0,311.0,296.0,309.0,296.0,308.0,296.0,308.0,296.0,308.0,296.0,
2,3,312.0,375.0,312.0,375.0,311.0,367.0,308.0,356.0,306.0,337.0,306.0,326.0,305.0,315.0,305.0,305.0,308.0,293.0,309.0,286.0,311.0,276.0,316.0,265.0,319.0,257.0,319.0,252.0,319.0,247.0,319.0,242.0,319.0,237.0,318.0,230.0,318.0,226.0,318.0,223.0,318.0,223.0,318.0,223.0,318.0,223.0,318.0,223.0,318.0,223.0,318.0,222.0,319.0,218.0,326.0,216.0,335.0,213.0,344.0,211.0,355.0,209.0,366.0,209.0,372.0,207.0,377.0,207.0,382.0,209.0,386.0,213.0,388.0,221.0,388.0,236.0,388.0,252.0,384.0,264.0,379.0,273.0,375.0,279.0,369.0,285.0,357.0,289.0,345.0,291.0,335.0,293.0,326.0,293.0,319.0,295.0,311.0,297.0,307.0,297.0,305.0,298.0,305.0,298.0,303.0,298.0,
2,3,328.0,382.0,327.0,382.0,326.0,381.0,324.0,371.0,323.0,360.0,323.0,346.0,323.0,330.0,323.0,320.0,323.0,311.0,323.0,302.0,324.0,290.0,324.0,271.0,324.0,261.0,324.0,253.0,324.0,246.0,324.0,241.0,324.0,236.0,324.0,232.0,324.0,228.0,325.0,227.0,325.0,227.0,325.0,227.0,325.0,227.0,326.0,226.0,327.0,225.0,331.0,223.0,338.0,222.0,351.0,220.0,361.0,220.0,370.0,220.0,377.0,220.0,383.0,221.0,388.0,226.0,391.0,235.0,391.0,247.0,391.0,258.0,390.0,268.0,383.0,282.0,374.0,296.0,368.0,302.0,357.0,310.0,345.0,313.0,334.0,314.0,325.0,314.0,320.0,314.0,319.0,314.0,319.0,314.0,319.0,314.0,319.0,314.0,
2,3,334.0,399.0,332.0,398.0,329.0,377.0,329.0,354.0,339.0,322.0,343.0,302.0,345.0,284.0,346.0,268.0,349.0,258.0,351.0,247.0,351.0,237.0,351.0,223.0,351.0,213.0,351.0,203.0,351.0,195.0,351.0,187.0,352.0,181.0,353.0,179.0,353.0,177.0,353.0,177.0,353.0,177.0,353.0,177.0,353.0,176.0,358.0,174.0,369.0,173.0,383.0,172.0,395.0,169.0,405.0,169.0,415.0,169.0,427.0,172.0,437.0,177.0,453.0,189.0,458.0,198.0,459.0,209.0,460.0,218.0,460.0,232.0,460.0,244.0,455.0,264.0,447.0,278.0,440.0,289.0,434.0,296.0,426.0,301.0,415.0,303.0,393.0,303.0,382.0,303.0,376.0,303.0,370.0,303.0,367.0,303.0,366.0,303.0,362.0,303.0,361.0,303.0,360.0,303.0,
2,3,324.0,399.0,325.0,395.0,326.0,381.0,327.0,367.0,327.0,351.0,328.0,335.0,332.0,311.0,332.0,299.0,332.0,288.0,332.0,278.0,332.0,265.0,332.0,253.0,332.0,242.0,332.0,230.0,332.0,223.0,332.0,217.0,333.0,212.0,333.0,210.0,333.0,210.0,335.0,207.0,339.0,204.0,344.0,202.0,354.0,199.0,369.0,197.0,384.0,195.0,389.0,195.0,395.0,195.0,402.0,196.0,408.0,208.0,410.0,218.0,410.0,226.0,406.0,239.0,398.0,250.0,390.0,260.0,378.0,269.0,372.0,274.0,362.0,277.0,353.0,278.0,348.0,280.0,344.0,280.0,341.0,280.0,339.0,280.0,339.0,280.0,
2,3,348.0,401.0,347.0,399.0,347.0,390.0,347.0,375.0,350.0,350.0,354.0,331.0,357.0,314.0,359.0,297.0,362.0,281.0,363.0,267.0,363.0,257.0,365.0,249.0,365.0,242.0,365.0,240.0,366.0,238.0,366.0,237.0,367.0,236.0,368.0,235.0,373.0,234.0,380.0,234.0,399.0,234.0,416.0,234.0,432.0,234.0,444.0,234.0,459.0,236.0,468.0,239.0,474.0,246.0,475.0,256.0,475.0,268.0,470.0,285.0,461.0,301.0,449.0,318.0,440.0,327.0,433.0,333.0,424.0,334.0,414.0,335.0,403.0,335.0,392.0,335.0,387.0,335.0,383.0,335.0,381.0,334.0,377.0,332.0,375.0,330.0,374.0,329.0,371.0,328.0,
2,3,307.0,372.0,309.0,369.0,312.0,358.0,314.0,343.0,317.0,325.0,319.0,304.0,322.0,287.0,322.0,271.0,323.0,255.0,324.0,240.0,327.0,228.0,330.0,212.0,333.0,202.0,334.0,196.0,337.0,190.0,337.0,187.0,337.0,187.0,337.0,187.0,338.0,186.0,344.0,183.0,354.0,180.0,371.0,180.0,379.0,180.0,388.0,180.0,396.0,180.0,401.0,181.0,407.0,188.0,410.0,195.0,410.0,205.0,412.0,220.0,411.0,233.0,405.0,245.0,396.0,262.0,389.0,271.0,383.0,277.0,373.0,282.0,361.0,284.0,345.0,284.0,334.0,282.0,329.0,282.0,326.0,281.0,325.0,281.0,324.0,281.0,322.0,281.0,
2,3,285.0,392.0,287.0,392.0,289.0,387.0,289.0,373.0,291.0,357.0,291.0,344.0,291.0,331.0,291.0,319.0,293.0,307.0,293.0,297.0,293.0,287.0,293.0,278.0,293.0,264.0,293.0,252.0,294.0,242.0,294.0,233.0,294.0,228.0,294.0,219.0,293.0,216.0,293.0,214.0,293.0,214.0,293.0,214.0,293.0,212.0,296.0,207.0,305.0,203.0,316.0,200.0,327.0,197.0,340.0,196.0,352.0,196.0,368.0,198.0,373.0,200.0,378.0,203.0,382.0,209.0,384.0,219.0,384.0,229.0,384.0,248.0,378.0,267.0,369.0,279.0,362.0,286.0,351.0,292.0,341.0,294.0,329.0,294.0,313.0,292.0,303.0,291.0,301.0,291.0,299.0,291.0,297.0,291.0,
2,3,414.0,390.0,416.0,387.0,416.0,374.0,416.0,360.0,416.0,347.0,416.0,335.0,416.0,321.0,417.0,306.0,418.0,293.0,418.0,281.0,418.0,267.0,421.0,256.0,421.0,242.0,421.0,233.0,422.0,228.0,423.0,225.0,423.0,225.0,423.0,225.0,423.0,225.0,423.0,225.0,425.0,221.0,429.0,220.0,436.0,217.0,449.0,215.0,461.0,212.0,474.0,211.0,486.0,210.0,498.0,210.0,508.0,210.0,515.0,214.0,525.0,222.0,530.0,232.0,531.0,248.0,531.0,262.0,523.0,277.0,513.0,289.0,495.0,299.0,475.0,305.0,457.0,308.0,440.0,306.0,430.0,304.0,425.0,302.0,422.0,302.0,422.0,302.0,422.0,302.0,
2,3,225.0,394.0,228.0,386.0,231.0,360.0,234.0,337.0,240.0,314.0,247.0,291.0,254.0,268.0,259.0,247.0,261.0,231.0,261.0,228.0,258.0,222.0,257.0,220.0,257.0,219.0,256.0,218.0,256.0,218.0,256.0,218.0,256.0,218.0,256.0,218.0,258.0,218.0,270.0,218.0,288.0,218.0,303.0,218.0,313.0,218.0,319.0,220.0,321.0,222.0,321.0,229.0,321.0,242.0,319.0,255.0,313.0,267.0,307.0,277.0,301.0,286.0,296.0,293.0,288.0,298.0,278.0,301.0,267.0,301.0,258.0,301.0,252.0,300.0,251.0,300.0,250.0,299.0,250.0,299.0,250.0,299.0,
2,3,297.0,391.0,294.0,382.0,294.0,372.0,294.0,360.0,294.0,346.0,291.0,335.0,291.0,324.0,291.0,307.0,291.0,290.0,291.0,281.0,291.0,267.0,291.0,257.0,291.0,246.0,291.0,239.0,292.0,232.0,292.0,230.0,293.0,229.0,293.0,229.0,293.0,229.0,293.0,229.0,295.0,228.0,301.0,226.0,310.0,224.0,324.0,223.0,335.0,223.0,345.0,223.0,352.0,223.0,361.0,227.0,365.0,229.0,369.0,237.0,371.0,247.0,371.0,256.0,369.0,266.0,361.0,274.0,352.0,280.0,343.0,284.0,330.0,288.0,314.0,293.0,305.0,294.0,296.0,294.0,293.0,294.0,293.0,294.0,291.0,294.0,
2,3,330.0,394.0,333.0,393.0,337.0,372.0,340.0,355.0,343.0,331.0,344.0,311.0,345.0,291.0,343.0,275.0,342.0,263.0,340.0,253.0,338.0,245.0,338.0,237.0,338.0,229.0,339.0,227.0,339.0,225.0,339.0,225.0,339.0,225.0,339.0,225.0,340.0,224.0,343.0,223.0,350.0,221.0,362.0,219.0,375.0,218.0,387.0,217.0,402.0,217.0,414.0,219.0,417.0,220.0,425.0,225.0,428.0,233.0,428.0,240.0,428.0,251.0,425.0,260.0,414.0,275.0,407.0,282.0,402.0,286.0,396.0,289.0,385.0,292.0,376.0,294.0,362.0,294.0,353.0,294.0,348.0,294.0,344.0,294.0,342.0,294.0,342.0,294.0,
2,3,419.0,370.0,420.0,366.0,416.0,356.0,415.0,343.0,415.0,325.0,415.0,302.0,415.0,282.0,413.0,266.0,410.0,253.0,410.0,242.0,409.0,233.0,409.0,223.0,409.0,218.0,409.0,213.0,409.0,211.0,409.0,211.0,409.0,211.0,409.0,211.0,409.0,211.0,410.0,208.0,412.0,207.0,415.0,206.0,424.0,203.0,432.0,201.0,439.0,199.0,454.0,199.0,462.0,199.0,465.0,199.0,470.0,201.0,475.0,204.0,479.0,210.0,480.0,220.0,480.0,235.0,480.0,243.0,475.0,256.0,471.0,265.0,466.0,271.0,453.0,281.0,443.0,284.0,437.0,284.0,428.0,284.0,423.0,284.0,418.0,284.0,416.0,284.0,
2,3,270.0,375.0,269.0,363.0,269.0,353.0,269.0,340.0,271.0,323.0,273.0,298.0,276.0,282.0,278.0,267.0,279.0,254.0,279.0,244.0,279.0,236.0,281.0,228.0,282.0,222.0,282.0,219.0,283.0,218.0,283.0,218.0,285.0,217.0,287.0,216.0,295.0,215.0,306.0,213.0,320.0,212.0,334.0,212.0,344.0,212.0,353.0,212.0,362.0,217.0,367.0,221.0,370.0,228.0,371.0,238.0,371.0,248.0,364.0,263.0,359.0,272.0,347.0,282.0,327.0,287.0,307.0,291.0,290.0,291.0,273.0,291.0,266.0,290.0,261.0,290.0,258.0,290.0,258.0,290.0,257.0,290.0,
2,3,360.0,362.0,358.0,360.0,356.0,350.0,355.0,325.0,355.0,301.0,355.0,281.0,355.0,261.0,355.0,247.0,354.0,236.0,353.0,229.0,353.0,222.0,353.0,220.0,353.0,219.0,353.0,219.0,353.0,219.0,353.0,219.0,353.0,219.0,354.0,215.0,359.0,214.0,367.0,213.0,377.0,211.0,388.0,211.0,397.0,211.0,407.0,211.0,413.0,213.0,421.0,215.0,424.0,218.0,427.0,224.0,429.0,234.0,429.0,246.0,426.0,260.0,420.0,271.0,413.0,281.0,401.0,288.0,392.0,292.0,379.0,293.0,371.0,293.0,364.0,293.0,358.0,292.0,354.0,290.0,351.0,290.0,350.0,290.0,
2,3,293.0,369.0,293.0,365.0,295.0,351.0,298.0,325.0,298.0,305.0,298.0,286.0,299.0,268.0,301.0,258.0,303.0,249.0,306.0,238.0,309.0,232.0,309.0,229.0,309.0,227.0,310.0,223.0,313.0,220.0,317.0,216.0,318.0,215.0,318.0,215.0,318.0,215.0,320.0,215.0,320.0,215.0,320.0,215.0,321.0,214.0,324.0,214.0,327.0,215.0,333.0,218.0,339.0,222.0,343.0,225.0,348.0,232.0,349.0,238.0,349.0,244.0,351.0,251.0,351.0,259.0,351.0,271.0,350.0,286.0,346.0,293.0,343.0,297.0,336.0,303.0,326.0,306.0,320.0,308.0,309.0,308.0,302.0,308.0,296.0,308.0,296.0,308.0,296.0,308.0,
2,3,350.0,364.0,350.0,361.0,350.0,341.0,350.0,317.0,350.0,292.0,350.0,270.0,350.0,251.0,350.0,236.0,350.0,223.0,349.0,220.0,348.0,218.0,348.0,217.0,348.0,217.0,348.0,217.0,348.0,217.0,348.0,217.0,348.0,217.0,348.0,215.0,350.0,212.0,356.0,211.0,363.0,208.0,372.0,206.0,382.0,204.0,391.0,204.0,398.0,204.0,403.0,204.0,412.0,209.0,419.0,216.0,424.0,221.0,427.0,226.0,428.0,231.0,428.0,236.0,428.0,243.0,423.0,254.0,416.0,263.0,409.0,272.0,403.0,277.0,395.0,281.0,386.0,282.0,373.0,284.0,360.0,284.0,354.0,284.0,349.0,284.0,349.0,284.0,349.0,284.0,
2,3,314.0,366.0,321.0,360.0,324.0,343.0,326.0,319.0,330.0,292.0,330.0,268.0,331.0,250.0,330.0,238.0,330.0,228.0,330.0,223.0,330.0,222.0,330.0,222.0,330.0,222.0,330.0,222.0,330.0,222.0,330.0,222.0,330.0,222.0,330.0,221.0,336.0,217.0,343.0,216.0,353.0,215.0,364.0,215.0,374.0,215.0,383.0,215.0,394.0,217.0,400.0,221.0,406.0,225.0,409.0,230.0,410.0,238.0,410.0,249.0,410.0,264.0,406.0,273.0,401.0,281.0,394.0,289.0,386.0,294.0,376.0,296.0,357.0,296.0,346.0,296.0,338.0,296.0,334.0,296.0,332.0,296.0,327.0,295.0,
2,3,316.0,357.0,316.0,357.0,316.0,354.0,315.0,341.0,311.0,324.0,308.0,306.0,308.0,290.0,308.0,269.0,309.0,243.0,309.0,228.0,309.0,220.0,311.0,212.0,316.0,198.0,317.0,190.0,317.0,188.0,317.0,185.0,316.0,183.0,316.0,183.0,316.0,183.0,316.0,183.0,317.0,182.0,324.0,181.0,331.0,178.0,337.0,177.0,343.0,177.0,355.0,177.0,374.0,177.0,384.0,177.0,391.0,179.0,396.0,181.0,400.0,184.0,405.0,191.0,406.0,209.0,406.0,216.0,402.0,224.0,396.0,233.0,388.0,241.0,374.0,249.0,365.0,251.0,355.0,251.0,348.0,251.0,338.0,251.0,328.0,252.0,317.0,255.0,317.0,255.0,315.0,255.0,313.0,256.0,
2,3,335.0,372.0,335.0,368.0,335.0,355.0,335.0,337.0,331.0,319.0,331.0,292.0,331.0,272.0,331.0,258.0,331.0,252.0,331.0,242.0,331.0,232.0,332.0,220.0,333.0,215.0,333.0,215.0,333.0,214.0,333.0,214.0,333.0,214.0,334.0,213.0,334.0,213.0,337.0,212.0,344.0,210.0,350.0,209.0,359.0,209.0,374.0,209.0,390.0,209.0,402.0,209.0,410.0,211.0,418.0,215.0,425.0,224.0,428.0,231.0,430.0,240.0,430.0,252.0,427.0,263.0,420.0,274.0,410.0,283.0,399.0,291.0,388.0,295.0,373.0,297.0,360.0,298.0,352.0,300.0,345.0,300.0,340.0,300.0,337.0,300.0,337.0,300.0,337.0,300.0,
2,3,321.0,385.0,322.0,374.0,324.0,358.0,326.0,341.0,326.0,323.0,326.0,309.0,326.0,293.0,329.0,269.0,330.0,256.0,330.0,246.0,331.0,237.0,331.0,230.0,331.0,227.0,331.0,227.0,331.0,227.0,331.0,227.0,331.0,227.0,332.0,225.0,334.0,223.0,337.0,220.0,341.0,219.0,348.0,219.0,355.0,218.0,363.0,218.0,374.0,218.0,381.0,218.0,389.0,218.0,397.0,221.0,401.0,223.0,404.0,230.0,405.0,240.0,405.0,248.0,405.0,258.0,401.0,272.0,396.0,279.0,391.0,288.0,387.0,293.0,383.0,298.0,374.0,302.0,364.0,304.0,350.0,304.0,340.0,304.0,335.0,304.0,333.0,304.0,332.0,304.0,332.0,304.0,
